,G0,G1,G2,G3,G4,G5,G6,G7,G8,G9,G10,G11,G12,G13,G14,G15,G16,G17,G18,G19,G20,G21,G22,G23,G24,G25,G26,G27,G28,G29,G30,G31,G32,G33,G34,G35,G36,G37,G38,G39,G40,G41,G42,G43,G44,G45,G46,G47,G48,G49,G50,G51,G52,G53,G54,G55,G56,G57,G58,G59,G60,G61,G62,G63,G64,G65,G66,G67,G68,G69,G70,G71,G72,G73,G74,G75,G76,G77,G78,G79,G80,G81,G82,G83,G84,G85,G86,G87,G88,G89,G90,G91,G92,G93,G94,G95,G96,G97,G98,G99
S1,5.19160816268016,5.94573998349069,4.40994544171497,0.333092520258526,2.9020005263748,3.00859396499381,8.91499043485201,2.33793002731496,4.43423085506119,3.28337556438868,5.70030327636427,4.0412491392911,3.11371154174153,5.58091259396382,6.91855200379375,2.37053948400777,3.78803960382922,0.666521267183734,2.85411517352347,4.51801340803833,3.53295579075254,6.32555706625141,4.01922907508767,1.47775624312007,5.97594242395749,2.5631091417437,7.44486132870232,3.82736824751019,3.77213804035927,3.88045166602915,5.96904286270787,3.76734039903104,2.81194021250355,3.63895067156289,3.50521189810942,6.56206309378592,3.30841704121727,2.52451524642519,2.90820451353126,5.78261499898549,3.94782606843978,3.1092474142046,4.5388295554952,7.14455272862958,1.96698426480769,4.47979660398755,5.28135879553379,10.3927410511777,1.32300643048608,3.68028092659453,2.64985972376924,4.25930057059536,9.62402054004718,7.95060670598865,12.0455487500667,8.62292265414758,2.13239587976554,7.30293687797647,2.30965649098416,5.08503965171856,10.7589734130781,12.9716178602439,0.586934874283843,7.97386483279459,9.79959791478316,1.76354873713535,5.01171787135589,0.209500447960888,7.96970942959574,5.51585594198208,6.60553854872956,6.69370715824946,9.64389724062666,6.60635072910014,1.92239485000978,6.31103085228334,3.53334322339633,16.0502423017462,3.79963860033726,9.7627574170706,6.66303465205503,5.81668019296132,2.6293390285837,4.72364601427634,1.53504093749373,3.97857021462617,9.97479771119127,3.20181488014956,11.0082399237748,8.7536415638593,3.11115359322701,4.41041009778315,2.82952083461436,1.8520825651468,3.02701687571403,1.45702674474702,1.77762347469622,5.09839545766573,15.9896593869671,5.24069634359304
S2,2.83042333535436,6.94017155869527,2.77863844305636,1.50839453284859,2.20027180712577,1.54662529809631,8.27817280458924,2.69670534333932,3.84761604524932,3.12774978799647,1.94138702685745,4.44949850787345,7.17123754680502,8.42539202822586,2.5149340363169,3.44448757600484,7.1408676161918,2.53734022332991,5.67745572064716,5.61455875030679,1.64082794063062,4.84733446624559,4.74579116135792,0.956353653707458,2.00437202206309,3.18273402159445,5.14208709938329,1.25813412810051,1.17684653498229,2.33668755379653,5.99819069248676,3.53184974170721,7.58992222456838,4.33770785932747,5.57846068890244,9.91239040022525,6.16507050112609,2.89498577287709,2.27455065152392,8.0305277206313,0.895552101730227,4.66466558019339,7.34566496736908,4.94704618742923,1.01306382278948,5.73093581736737,4.76763067462588,11.6953535203765,0.152418908817479,3.88142465404478,5.19931012998679,4.30450372786902,7.75600229526727,8.31461242881284,6.77144162335577,7.62322650307723,1.86903712705167,2.63248661012387,2.01299702963351,4.05348220660259,12.5362106665586,17.9654054435469,0.193801500137406,9.99242102898041,11.9351130019275,3.45167505191533,3.11993089297744,0.282318159276734,12.5486596127586,7.85575102241247,8.1796915068079,4.16819867055368,6.50134120090544,10.0421864597699,0.632696630478909,2.54859357708155,3.74144881007943,18.2803254825112,7.1146355086527,14.8923384678767,5.04793451638516,2.45997914936431,9.01224985472114,5.32052495675354,1.30099199056204,5.1786749296498,7.24777234622962,2.19357403707571,9.43758496176572,14.365718895457,2.44864034214593,3.63916339133721,3.72048864488649,0.263254479316574,3.11490109653854,1.37279845802424,2.63831077656234,6.16702536807899,10.6352252014827,5.38229987859232
S3,3.8997927264367,5.92460337084229,5.0505383708676,0.842960679812353,2.71736658110044,5.21793649418486,8.91908265034275,3.06313604932764,3.37573420367353,3.40854192101183,4.83466075544534,5.613444868364,6.4830219735086,5.37410228217686,6.91152148551665,1.2552069249413,3.6899919999692,1.14062623546902,4.47360302063297,5.03923972896392,4.8540721973993,8.66579287095884,1.88218626465487,3.34386555291077,4.62779488333472,3.23907461505612,6.03760311336153,0.0935000483164228,2.25987496230823,4.02432219478233,3.32129078479309,5.9543868968934,4.06852138638614,6.99443092133521,3.1577531086729,5.62775270315128,4.78383291962175,2.1550848963117,4.16319736038899,6.00754157285624,2.82604389537726,3.29389340260251,4.36739744924256,5.56648334755383,1.51205122811846,4.24370771856038,3.44531824405312,9.70053303158347,1.17736381290258,2.8453137491845,3.57594577379723,5.10346770907638,11.8616116600232,10.9241098124878,13.1018444220369,10.0933682848544,0.956879188506009,6.66083161009556,2.40703549706542,6.86120695267354,6.69763698564063,14.0505897109318,0.613428828505213,6.84740178098797,9.25757201631832,4.1612558857534,4.30137861986668,0.276694731458085,10.241470221521,5.65317683118602,6.93560338963071,3.33022337506601,8.55764859736992,3.75316258634056,0.882570685757123,3.01340335589499,5.20640630968154,17.4083228792607,3.62999681053695,8.5438012756666,4.45540237224835,7.05684141643063,2.98355856672705,4.02621474544987,1.24743076914789,2.65655187307383,8.0012661158862,3.22554980677502,13.3908482996826,9.10448913444334,2.06154911870801,5.25813087226099,3.81087731947427,1.00716362440579,2.30898329731017,3.44536467514611,1.34805507899334,5.01330761818971,14.4715407693639,5.0869221796894
S4,2.55404577025413,9.45678063561153,6.3216836573411,1.07848598113493,1.24393386353381,4.21603996869669,10.5993213126862,3.07168171036008,5.09886063451541,2.85002327498613,1.85671346242514,5.02026957258372,5.36536667190159,6.10105243025802,3.50390134210648,4.40596374716291,6.55863182498654,1.45396454474979,4.20618522358532,6.39677219665615,5.02157972562189,9.07699545191312,2.70892690898478,0.0285523782415799,6.38891160349171,4.04596983786658,5.44329494930926,2.08594579441157,3.1677996481247,4.49487909931699,3.80086661672169,4.12236149479604,8.30189241626145,6.14107220128931,4.65609324566945,3.22782242743233,5.24939839804093,2.61065350197966,3.32079062990165,5.49198004676567,0.481906640709436,3.99955669559601,8.17455676048062,8.50966005879225,1.74971710887138,4.61829590020964,7.85609873769325,11.5581413569265,1.62023996715961,3.70527639289219,5.74444866486533,4.77565061630238,11.9031060121667,8.89661309274872,11.6496614944329,7.74611786446042,1.02878194036344,3.82850231783784,3.45289824535896,4.30619972848987,5.66171934903731,14.6795200591361,1.16824234888752,6.94056799874617,9.99346509920411,1.94060167966604,3.65497911256407,0.0365564500210726,10.283463872151,8.50836472645531,8.2873966916131,6.39384718708107,3.48445847843595,7.68384485798952,1.36286123199418,3.50613095580356,4.38871210904656,15.8561007489344,4.16626643831937,13.4399154057872,4.93903014083119,2.57550585575319,2.83685398255635,8.53163796807448,1.99040983071165,3.34833625462499,10.3608267781926,1.78490262610323,9.85573625799331,13.1057008355107,1.76008558217012,7.91165677026754,5.37886274316691,0.707240947789289,4.16256251061147,2.68307984815253,0,5.04954286081252,9.62102071074372,7.59458923192103
S5,4.90551681676933,7.65716806602966,6.69480339371325,0.196566448046601,2.04614895385753,4.05236470672049,9.97974650062023,2.95689893990168,5.90913869979204,3.11767244459432,2.68838938899688,4.24199386396343,5.41464577053707,6.47459501097625,4.49121033416582,1.64979765602013,6.36715063374691,1.77355777340279,4.30454057783293,5.28520314084563,5.0472529551189,8.83992753431186,1.57336816232728,0.359138885835203,4.71681198489223,3.08205465074794,5.45687660565095,2.83482224517999,3.25545432693719,4.33571077917258,3.66942808880156,6.41916074491284,6.88629939909677,4.72222451388098,5.1752627312644,2.81381341651488,4.81710923978568,2.6855490837756,3.26759355178899,7.18415018714744,0.589642180146098,3.36463496053821,6.90646624873195,8.24797723140086,1.82552097483177,4.24637683157898,6.86963761433167,10.3402130062477,2.68288306997117,4.05049335686212,3.80495283743705,5.57626291378907,14.5569067320001,9.19619169456213,11.0799188187029,8.27442134881453,1.01609113349637,5.06882382595094,3.45129408927823,4.26606523835888,6.55199897806146,16.6910624733624,0.836102441846819,7.74353704868647,10.5220313421855,1.94905749863809,2.78670891185751,0.0622571553629396,9.84158976810162,9.06620695915315,6.46294883308111,5.03365002680999,5.30028184764138,6.57513651825349,1.90609169219849,4.52830445377309,5.26534706976156,18.8400614688009,2.87016034789089,11.6141440551673,5.98718490389628,2.90537168342206,4.58089198847113,8.32664459818678,1.82254335165274,3.20912228669501,9.8586368635346,0.996148206647634,10.2835926313697,11.7601809522411,2.28545223153323,7.2087126135797,5.22656897113616,0.439822019767743,3.5688998397871,2.27438218006011,0.183866678372454,4.2583051360963,7.96332566957989,7.10608965479626
S6,3.00774973758567,4.79484639004426,3.26296196332361,1.0634083493441,5.01862505156173,4.71983660407361,4.8527405132249,2.97296118929114,2.8201917673935,3.42346210115085,3.28423570242511,0.506671102419135,4.5004784981157,6.64706506514698,6.76348184167952,1.4097731594053,4.6507082174459,0.451449792080802,1.74000507698114,5.08876133068576,2.90761610711019,5.59799707303917,6.16033575784129,1.72642962910801,5.53250093910329,0.197494680362235,4.64459064589455,0.956525159702019,0.95345990457598,2.80733241714685,4.42216728316924,2.70934505592829,4.59569908819358,2.73755966944313,4.61357986509831,3.13167970994048,2.22372880409859,1.0578263775436,2.12248040818458,5.07568078100027,1.38944152219754,1.4656746728406,4.27750573861569,8.60266287607361,2.5103978614491,2.71785538016482,5.2334014166012,7.9963497030354,0.891677535127921,4.69444608463874,3.37707113055598,2.58550725691393,10.9426127397157,10.0945313897027,12.7297479322317,3.6159694330416,1.0352531459727,3.06013585120822,3.53270968223401,4.33108051926585,7.99929435074646,14.1958653776143,3.09430514719311,13.2381532223993,11.2268398150699,3.80313610544827,11.7258640609193,0.333066848938091,7.27226986106048,5.6801406312781,12.5644195679102,11.8920507879953,9.40490929164852,5.56688370024414,1.18225168933954,5.01284307737434,1.52975094210517,8.86782875283762,5.21188997551122,5.44068063767287,2.03253668309117,3.68763762170698,4.45132292481396,5.91576702752077,1.49404295504001,2.47884867779905,9.38354519386747,2.37497112008934,11.9063649825969,6.63579038799494,2.47981904418197,8.29239218873741,3.19691648929153,2.54917910257603,3.45887039977484,2.01904043301024,1.97159443638057,4.84678018155576,12.0848426381245,5.31159886173183
S7,1.90461602284445,4.54854796119348,3.96442269148665,0.548718682499388,2.4545711754766,3.99830420938492,3.25584854126105,4.8017964775145,2.04700474764245,1.75655175352835,3.36191785143135,1.76257048478137,4.73507031911346,8.70787618927899,2.80732594485841,2.7943638868105,4.82555022395893,0.424074768548306,3.34037756040304,2.48966609817508,2.4903873666191,6.62274108651943,5.01045080323929,3.60726386270203,6.40066353118308,0.249200387300017,4.99959567620124,1.59127742472583,0.800800077780065,3.69169874737012,3.39526893407005,2.96110355468062,3.58765197887115,4.35531301183271,3.61354160914106,0.334579478856442,1.2629675835226,3.36919433318228,0.175106911933062,4.37995983709682,3.18289616982337,0.668407680430883,2.45868950294402,7.29892602116767,0.889052243139487,2.17601733714726,5.3712682854933,8.16441989177749,0.212397946699349,1.7569822938831,2.08784684223588,1.69742431581029,7.52102719745284,3.78681955430287,11.0249879610572,4.18765447863135,0.841177117499286,2.93966410237422,3.47095584073395,4.85868229590664,6.78497887370978,12.0864354003836,2.48479738932859,10.1168685548628,8.42444839309279,3.79077246655167,9.14733565038926,1.45109655152649,11.2042418061342,7.2561488051527,10.2557143194065,10.3665402290462,8.20851754145536,9.73052596408609,0,4.31387395285241,3.15444317802094,12.2081575463873,9.21788073687065,5.69945022188861,4.56033995937927,2.17215991452438,3.69645758873746,11.0564795650773,1.12606823336991,4.64538940679335,14.8424334984317,2.14569976211287,8.67959045681575,5.10907375878804,1.12127365952131,7.64089464472015,1.29628062862702,2.39096993494314,6.32891264722511,1.34960248191754,2.33302533521297,10.4377709136827,12.7144592149888,4.19999341621204
S8,4.88512968955431,1.95193136931644,1.50598049890961,0.0745023945253453,3.88968566354317,2.70424725099165,4.13572162399164,0.861071030319053,2.25960191733943,1.72107140999369,0.360360045530707,2.37769886185859,2.92757769323358,4.16464281041744,2.63262809819182,0,5.52954131477445,1.09857916243219,3.99110468256045,5.72247297984265,5.3483381742663,1.21725090624156,4.89839861597326,4.44755249938053,1.73206831241063,2.14312383753998,1.2059514148126,2.36183242445631,2.44650902084446,4.1598575433868,4.23431111283535,0.952658852378406,2.21844387457762,4.5634744950303,5.76338026838172,1.67772395826483,2.95019379256291,3.54439529513004,2.30666033634992,1.6194963456054,0.7942002829066,2.9744473271978,4.32949167007112,4.18914805727336,1.08090974509541,4.45117886834285,1.67483829431977,12.4598431967896,1.15589275150264,3.46700880160572,1.71175603051352,1.53739387180526,7.25986301711762,3.03239112074195,8.7289555703499,5.60503303686692,2.05978408870053,1.805653569671,2.48073448262247,2.54242872020379,9.52903388104767,11.0946085117617,1.82001695462288,7.19138183642137,9.44218063208185,4.03243046356444,5.20058785720748,0.771468899498552,8.99904034211613,9.28141325006576,4.50522544598715,5.49772876277879,4.96764399931954,9.74650395601725,1.57042360483534,3.62764052714701,0.540501626728875,14.9893739530296,7.63478779869493,8.07131127395174,2.38740919775029,1.5896371622573,6.26785337517293,4.56123884561004,2.80777624788027,5.72249434825286,10.8007664370369,4.1718505704462,4.79588544821984,9.97780152597828,2.02932280185479,4.34041529432223,2.6778885812968,2.35636398654879,4.78145387662092,1.47477521758614,4.51169794545369,7.88267566320789,10.6770872530491,3.23598994255316
S9,3.0870186981839,6.89299108102408,0.861711291531561,2.07505168805847,3.12787193854832,4.50558656274892,10.211679242424,2.02749261226659,3.90737198252962,1.22162025937981,1.56524358680301,3.43725298906071,3.82570100440021,7.87985438785291,2.49085946465695,2.05759884321809,6.31594433675557,0.965025121153443,4.74033843727095,6.24853760247536,2.9949875210592,7.08341823623321,6.5881201651041,2.60358980281126,5.81944454317435,3.58461852485098,4.34948132567879,4.16008247694765,2.37657786315681,3.02212174972319,9.53091698396505,2.98507262121794,5.10350669405797,6.35806582727584,3.52683562131024,5.65450901635684,5.37389260955344,5.55346407496548,1.30109553382731,6.22130684537654,0.441913567464703,2.55703019054183,3.16388271949267,5.83721697642836,0.0417806923743416,5.62568198767562,2.44102650759745,9.93331706714554,1.53948036308684,5.02394253578819,1.94093586788258,3.49453299578458,8.94155074109557,7.12949480070792,8.59436295325324,4.45912910618055,1.66496858299576,4.33999225296621,3.15544793721308,3.93640856132569,11.5152419001119,16.9977203104909,0.666908383225453,8.95687391750922,13.4464164786109,5.25428716589332,3.41529497950203,0.0185359042827273,10.3311854684281,7.1133956450993,4.08122442319177,4.8926322045725,4.62089123960891,7.60628491209371,0.160480611208921,3.61358839560775,2.7786740202744,21.813232552766,5.06558321159554,16.4913432447918,2.77434920336003,3.61081374528067,9.70531938006626,6.7103817127202,2.3150689896202,8.33365500051086,12.114133666337,0.707237956094105,10.2041580556614,10.4059184714725,3.54465706172718,2.07590779837245,4.36748926642967,1.73754545311876,3.4947690430929,0.296501897505864,5.3835242947928,9.63469990379153,9.75956689084811,6.97295833825704
S10,3.55104994249666,9.61186323280695,5.17614416176172,2.51785712840761,1.85280737714026,1.58172760198959,7.74805344145053,3.40807391421132,1.81658077886277,2.68800305244123,1.08466088187546,4.52372749658093,4.63674109249835,5.89331789971387,2.6947041523136,3.56393116212623,6.63661834420502,2.14055522299264,6.92664774906474,7.11685728853229,7.27836264099278,6.57537995918712,3.91776217947038,2.37680340022494,5.53963120131605,2.62610302503632,2.8979249845292,0.948445938385446,2.23833250512894,4.53782975263093,3.05256281593212,4.09195641799814,9.41937204484356,4.37488982674265,4.12144631722615,6.79941768257196,5.79742318609953,4.27539833123905,1.76075335971988,4.95898355258397,0.245644474098855,3.64761787927807,8.69970289490254,5.82671467371279,2.51114678276923,5.67135895580912,5.74228485860537,12.9418716151798,0.736558880070477,3.82854767751966,4.6882545398907,4.73549584593994,11.057196885382,8.8756264382808,8.9015324808205,10.3119290074785,0.662600868266272,1.30203863991894,1.86394320673832,4.26662209937547,7.81198063588462,18.6029487396102,0.384150598228912,3.94107797478273,10.5486655560968,4.03562781306088,4.23468840370507,0.344536803833609,12.0043426893093,7.97964637441132,7.70925988621198,4.96506297847383,5.71882779078741,10.7035538739964,1.483309836202,3.44282042187766,4.02129283082539,14.177841209115,4.76495728590442,13.3377710555534,5.47618036911719,2.54857721715998,3.60357427313953,10.4831764159581,0.981837684045577,1.7236258655419,7.72112770075165,1.86676546816851,13.13165409514,13.3079514753533,1.87241806968625,4.31438221826358,5.26826279394829,0.429664169013652,2.99564018343539,3.01085470023161,0,6.74971917986471,5.77265744935134,5.22461894638956
S11,1.94046060219758,6.95963743842159,1.24889108106218,2.04967172014192,2.80640350141786,3.72339868149315,10.1511127753904,2.38362850673401,4.5367373664731,1.38906850431478,1.16548019067959,3.13670399619925,4.40072092199424,9.08012269170944,1.84408537360938,1.74705464835184,5.5044096876518,1.24050596868232,5.17734347106113,6.21164670431144,2.77271109999973,6.94343345978747,6.15964324362084,2.90004048019829,6.37353405898316,4.24329299716418,5.90693172861612,3.86925310628837,1.95689221932024,3.36035998936514,8.60168378898678,2.99808484028422,5.05307154704126,5.67432994225222,3.34826117730494,5.84958972492663,4.45462541682605,5.17158394363723,0.896991309289882,5.5881971359573,0.586849755626515,2.82704353011254,3.3374108532492,5.6905080350952,0.0688866141580637,4.71461941867057,2.54044262211704,10.6713916180316,1.45561321725078,5.31419896553006,2.83003173903254,3.3203477466713,8.86560319409716,8.99985791491341,8.56904226984568,4.77091903674273,1.98595548959817,3.57168681552614,3.16633392708816,3.1122600618238,10.990906947051,17.5942593553204,0.83057736982525,9.47259611306071,14.1566890798215,5.90141173180004,3.28506288689139,0.0194484021845495,9.93473623533223,8.43139562325863,3.6365329696245,5.05384200248842,4.46817272176176,7.71769458428044,0.186689307736592,3.71585313506187,3.0457190230601,21.236620479664,5.57073967921128,15.163690406759,2.05629273883554,4.09402317208595,7.75545667405602,6.60051528240433,2.27179564688519,9.05540158195024,13.2344473917708,1.0487971556747,10.1789148516385,12.4522190452812,3.26890273786915,1.87060163744767,4.61155997397237,1.14469926933663,3.94954476314424,0.570860424218074,5.26274044130757,9.82608664212505,10.4337148073378,7.07268848311681
S12,2.73862080289281,7.90391283125525,2.58656002705979,2.93026778708733,2.47090315696277,1.95197054561829,7.28929076990099,2.68716638577313,3.29536957053038,2.21545235936174,1.97627120204411,3.46158732589582,6.01159479606497,8.8484036486666,2.9415299811682,2.67146967834318,5.99049966612105,1.41265669257822,5.31923942325027,5.76947171556802,1.70609513151059,6.29234778156324,6.10010407435257,1.4568050793188,4.3462843746637,5.26841081151436,5.19281179335914,4.49504755150968,1.02150670152275,3.41597483437817,7.13056890686049,3.41478472798795,7.09522085965162,4.25028341411408,3.89248256044042,9.21081930024509,4.68348619403038,4.01189447571314,1.30616169898301,7.50664068240087,2.18845427557769,4.55787381007465,5.18646000991335,5.1833027289305,0.254956510858481,4.76802543197603,3.01885208742689,11.4357669479065,0.116664888320429,5.43955363583921,3.65582630598841,6.19058860293518,8.20736250742482,9.75122128798693,5.54730799058272,6.20216899057091,0.799892950144108,3.02326278179778,3.25558012853939,3.45071388947612,9.96945995165589,18.1118984904427,0.284895372365044,10.7019525614432,14.0377618278456,4.89161280500805,4.17277309090913,0.649938396294427,12.2879971099734,7.80186306489423,8.18579253329201,4.69671149895565,5.58728292682684,6.56257768524757,0.668094116102821,3.60476680722436,3.33924377566083,17.129846289466,7.21576601998118,14.2050042008336,3.74210292109438,2.25194868323685,10.3429740791951,7.50914705902178,1.2482112862856,8.75393625217377,9.96077048745641,1.78318889520817,11.1936879148549,15.1174836776596,3.15055394186507,1.40684004387642,4.39792548373496,0.315136020464206,4.09691875204003,1.26770177534398,4.04082304008982,7.85605389609009,11.0623583912452,4.50803968198427
S13,3.86416283750932,4.63562316155118,0.518877947761275,0.598843225252676,4.41617427359695,3.52855063196471,6.15966050983992,0,2.28347330917892,2.49429258426737,0.776124588763702,3.62326984921156,4.78933847230635,7.34345586236767,1.35790872250779,0.426746116709466,4.40631425167354,0.645151496281761,2.65047970276059,7.79592616332644,4.32011071036003,0.781412778525198,6.12745478218704,5.7368468406291,4.23980681794682,2.50949351578833,1.44071068489427,2.92059650415308,3.81302766299465,4.02842912600461,6.73357039168829,1.50795818192987,1.68019133128471,4.10949978158745,6.22885995931571,2.4378054215623,2.46914313233235,3.61895651290048,1.65214837082046,1.66015868393676,1.74760924217726,1.55186238092196,4.33318792985094,3.13341001079102,1.09709735478639,4.28445258378635,1.48606310484169,11.2456025576797,1.43071565500714,3.73811503484178,1.49842849093677,1.94752258231724,8.67450958912461,5.89919194799835,8.07671657509101,4.78010947091835,1.68451984005138,3.4614061335004,2.55462446236999,5.14536216035681,10.9435030075507,11.7270765197488,1.20190384237668,6.30444827034028,11.8173063084314,5.02794949394395,3.75381715958021,0.12278834978592,10.0678202553623,7.98446078930526,3.0884992059414,7.17542082070133,5.34169199734766,7.5286570145201,1.32433640736219,4.21545955301541,2.02380877124906,17.5950958945502,8.94445818241424,9.09297690194434,1.65212897786267,4.18655566929266,8.63691274980904,6.32807574854551,2.26605215819411,6.83616098861585,10.1159447927043,3.00906500389775,6.97799899034669,8.97367084804272,2.71853089891275,3.95611801094831,3.78964629393711,0.827895359315254,6.04388745858632,0.143911692918431,4.10161171024996,7.60787592685889,8.73760301342559,4.97054448676489
S14,3.15438655520562,2.98650618567515,1.35802901823147,0.8887125690001,3.72043692532491,3.75862077752507,2.12968147026021,3.55478694597234,2.28469006366277,0.120680693633329,3.90928498945361,2.22403283228418,3.10123730077839,5.0111783636633,5.94576008495643,5.99083798800614,4.01257779861,0.812028873505553,5.40453213518767,2.15102751326541,3.45126223053098,2.8447491352462,3.31743796231441,4.26778171354787,2.46379534384256,0.504952383627483,0,2.09885277241448,0.244030033319891,2.26591087698359,2.74175148617673,2.07257124414923,1.05758254654034,4.56706535011781,3.26709017399558,1.8791839158276,0.748603684158171,4.28462050276089,1.06776894649431,2.79483506815752,2.06230307629174,1.9705831780458,1.98209143118583,4.29182358513437,1.3327027037958,0.55283223232764,4.9004348912303,8.5284718017291,0.00247753903135203,1.09036708061831,2.70040298592415,2.4483094626822,6.89228491906732,1.1838452971715,8.71318462225264,5.85968281936653,0.0971664861428268,2.15642835439042,6.55326021011585,3.23731656013212,8.19428521236689,11.4852338838808,1.46700292471385,9.45020943559329,5.6670812252944,2.11144410273517,5.5742363981803,0.0281249089335944,10.1183657322101,8.14781698698126,8.18348836974113,7.294692097079,8.84260651421199,11.5269753112788,0.434787864413082,3.37040078179148,3.27523812668356,10.9310416599632,7.57332144964274,6.72616257260851,2.76894113980923,2.22967979836884,5.82794775968276,7.75157378829665,0.822579006696898,4.94553118505324,10.9097776185388,4.34508201121426,7.05608422442113,6.52421083875547,1.71717502683129,5.70259847187401,2.72487137361433,3.05322029811468,5.96613840459219,1.39876909371036,3.00032762620501,12.8813510059629,10.9136003290455,3.83971128617622
S15,2.65722469993335,7.71971305510826,3.10601409085089,2.73637470418281,1.84607392175366,1.85757349581491,7.64446224405633,2.32743856182115,3.05206794646624,2.24656401310501,1.99170271021176,2.99207599743834,6.90366472866799,9.19240445508178,3.05831048337169,3.00726348327527,6.35352787387268,1.65316291082172,5.05812972703886,5.74032152650882,1.8521545664866,6.36018614393116,5.49000799789485,1.66328820364836,3.62832566626617,4.68324619846925,5.23142120384036,4.17789915643215,1.42212654580709,2.99989077861338,7.18087828266801,3.24272628104346,7.65083043331858,4.07422871229594,4.24183854417558,9.44127854135158,4.56327356829902,3.72158320561247,1.35275501887747,7.1073555979914,2.19368276382306,5.01929274996938,5.66069067385781,4.69354229154771,0.247860517246965,5.06597891101756,2.97694263524643,10.9568350095649,0.395532273502785,5.44214193465917,4.03467539752285,5.91158029534917,7.19073858466374,9.16820078979065,6.06354099302911,5.67567977108609,0.963087090965217,3.16124153761088,3.00289925895572,3.56959372138112,10.1009619314946,18.5514671225855,0.10600148785814,9.56771876649789,13.835205630127,4.62913137823987,4.72802318578629,0.849364443467612,12.5062723492056,8.16673420182879,8.48576218578362,4.89275850078492,5.91621099975883,6.86689678624272,0.287386980163269,3.62557310435421,3.79062256711567,17.6343081719671,6.99109554249195,15.7455455488216,4.5622292632476,2.39581300562475,10.0629022440896,7.6694053633862,0.933091223190647,8.06109103257761,9.94637478123535,1.35894111476204,10.8473829972849,15.7971622127024,2.72465661437309,1.65509856781229,4.32529808031486,0.360997703756512,3.54156818529332,1.31442936057101,3.51775558080503,7.54353535320964,12.1817524778545,4.06684904165388
S16,2.72771212586716,6.71571838026652,3.57868245099078,0.254000587793191,2.49477420568565,3.99878149104553,2.4410612100283,4.57770422608905,3.28987815996361,1.44011326496492,4.40145430943,2.12466709215776,3.72648260462568,6.27873072481277,4.44154087471834,5.01811770634188,4.60733270707161,0.242908185187417,4.93638745299699,2.35890036234054,3.02437608910782,5.62870617030037,5.10251187482306,4.60169544233124,3.99085334960449,1.09513440789475,3.27736419338511,3.11312583665362,0.623904291945286,4.00918085694121,3.8786818001677,2.91132032415402,2.07364647220553,2.91049017996474,2.77745204279711,0.866062443626895,1.18215729421975,3.78734732546172,0.965370709802601,2.42274912516393,1.92145014132596,1.01039450608772,2.20067986564216,4.92622883810236,0.547637161117682,0.546717645946332,4.90623626046847,7.44439932319906,0.626637279901214,2.84623428141091,1.92283695619205,0.614963121684778,7.42186875797438,1.99783953159912,9.01664742289974,4.92693172989035,0.00998979871212383,2.57908775740013,5.30849688169096,4.68430097324964,8.75079656158576,12.2559643507475,1.98342530387986,8.02652955408971,7.69606464276782,1.73372669253881,8.46938111479347,0.641101130554303,12.619562223631,7.94112165004149,10.2079554164024,9.89042200127777,10.4768560003903,10.5892720692218,0.132094287281128,2.85896231811106,4.37519807217607,12.814763626042,9.82329323703675,6.22715396982949,2.76750545304134,0.899996832361112,6.02850946038242,9.67921532073049,1.46504379470213,5.09401114818231,13.3207300576515,3.16290545382748,9.08712210196249,3.65574344624976,2.86473584468332,8.40708298279677,0.828476816383694,2.78444946161066,5.33825636949734,1.5659058742403,3.35629311842662,11.2618213008023,14.0110669714044,3.93070947054684
S17,4.26645971174,1.19861475135741,1.2712698427381,0.152278439893132,3.87648576254715,2.33307178712034,3.64912101843444,0.736365192122623,1.57163611493295,1.57911822490767,0.432249942277518,2.45166109633044,2.61510491954635,3.54135086099087,2.80893918697285,0.053041628482118,5.04665269136266,1.26749094090634,4.72912301923134,4.39574755853167,4.72343069964528,1.41261712351061,4.25141984471485,4.25460655605999,1.65160275992422,1.55497059677168,1.33938300241734,2.69471353544762,2.25437967804947,4.39136731701908,3.28024445819112,1.10766918606233,2.34777245541508,4.61466014449615,5.60138792123216,1.62459003751543,3.35569438015431,3.64150605195445,2.76086074153946,1.77806055195069,0.151886213438787,2.75650696737575,3.72189561221363,4.60359467377246,1.23965506163457,4.79250063164711,2.04762349471484,9.99010661503096,1.18565312206376,3.1135610984347,2.47197624269965,1.15399142046513,7.4911214895052,2.83803563581062,9.15630273470348,4.81895621719222,2.03812402523089,2.57039506830881,4.11301632818209,2.7578663866052,9.6913078877248,10.7817044226707,2.11731248354461,9.19474349351989,8.48626287213532,4.14271090500616,6.21379527698037,0.432845509542779,8.56404478051262,9.11721261217915,5.02765028527741,4.81293132771659,4.92377168509668,10.9100700019376,2.10595424256443,3.43812445089518,0.241664651259713,14.5027670654126,7.55383065406011,7.69280006807929,3.33028217326731,1.63269230968167,4.85148686923663,4.65362506482956,2.54140005243363,6.75940508411971,9.02584182682875,4.4935091369987,5.00181202626558,10.7940451267202,1.6110315030853,5.05174240455885,2.05697534718458,2.3442029514423,4.22604170666821,0.71668087297528,4.0952225965189,9.20123208894225,10.8263453826593,3.97062631088137
S18,1.15350934967712,4.28949463259926,4.54964540706394,1.74169328308399,3.39091454926417,4.8139137475119,4.18221902837919,5.29360223227724,3.08114011173816,2.99452591919479,2.97110917708502,0.898089835549629,5.80844452138072,6.80105014414181,4.34223877511578,1.81061368770991,5.25357210755771,0.608649389892465,1.08022236125072,3.68198851729632,3.4763778149912,6.38741900224483,4.82930191192952,2.50567745826013,4.84289357068738,0.62314606221317,2.30478007988089,1.10398783181469,1.40132622348029,1.88487224394919,5.27058707383248,2.59286982855399,2.45971044983414,2.66162751266331,5.17224895145882,2.36968875088333,1.67141992717375,0.0650031291961194,0.198088640580319,4.69393238437618,1.87414981202808,1.99991126482132,2.73857964464124,5.75877332906931,2.23715007602385,1.22884610866597,5.57707152879083,11.4290737132621,1.30831184100851,4.188555994402,3.16433947182751,1.67792993044156,12.720268556476,9.07216828625857,14.9839870520695,6.30993934520639,0.934088725794655,3.23889385681631,2.77072345986709,5.60377611607189,7.77806010792845,14.4844780230767,3.24849839354858,13.2134559192072,11.1461580790677,3.03835570307739,13.6556718165958,0.345950200181607,7.2982297359009,6.43346152821791,12.0417655065594,13.2537914739793,8.22721329975209,6.14196642467182,1.85907271006433,4.87999787091823,3.40248162248514,7.52711392552661,4.94898374673758,6.1506191003836,2.81391653303239,4.11065359030819,5.29205609171962,6.43021606964364,2.66082812263307,3.89640728369013,11.1835938497838,1.80990781722615,12.6294441546398,6.25878488414046,0.805782626764003,7.07754882700533,2.77800993864739,2.27238758259036,2.86557272489678,1.59344832615798,2.20790977383726,7.13338104544976,12.6652663465066,4.92665051124389
S19,2.81888246894298,5.02566436395814,2.73002003937493,1.27480050729793,4.70848836451316,4.47501778046505,5.30363753851847,3.39126007886336,2.45618067787301,3.30325422220508,3.18675174841331,0.579548639091232,4.23425837589578,6.18240121839909,6.81616156289944,1.03128148378357,5.37238396769047,0.362064376576226,1.29538498038304,5.05434452996601,2.44543365375048,5.55816874602532,6.23729546436387,1.85232874431807,5.63446997785476,0.322162496441793,4.32085433150791,0.816247641143585,1.01266765261785,2.84485426215013,3.6752640169397,2.65577131621252,4.30536469307063,2.73321168722117,4.04166371254167,2.70869055092705,1.64647354283128,0.87061651580481,1.52878275405646,5.79395883413572,1.50377686853642,1.98172151328485,3.87735741737596,8.97740925934893,2.63820345565457,2.88276295344443,5.26960051876922,7.9571602094781,1.22020234540551,4.68081070323248,2.87207475533628,2.82321132965431,10.8618958218896,8.95544341541959,12.3948764179537,4.01766705594918,0.958850107554232,2.77001055118302,3.60353172708966,4.24685654706961,7.85689964100831,12.9040409273903,2.47930128795304,12.9445891798544,11.3460029711888,3.41331829035104,12.31173072978,0.144497617034207,7.10067095462077,5.77132936038884,12.6422323287876,11.6082802107671,9.94823834794481,6.08913377468618,1.20496112443956,5.18278933842148,1.2134276299686,8.69081911667992,4.7044227969186,5.05010743491562,1.52719449009688,4.63500839823229,4.77335066274958,5.71021049770215,1.44988069858297,2.79970898375826,9.30222402269795,2.63304392620293,12.4501471370074,5.70000384391685,1.94645898142946,8.41405514378618,3.05423510846234,2.29764572885555,3.01690039517782,1.68072907647788,2.50377796211759,5.07313964726358,11.9361275021168,5.51381501402828
S20,3.26720880404473,7.52520998165064,3.29534359210203,3.04023766730915,3.24205565455798,1.36577772554474,7.29064250549422,3.01045744447454,5.37177418712704,3.51593614840441,1.6652154582673,4.01939084003163,6.5380486233539,6.69475770695174,3.37990961006927,3.92078193168048,4.12865219424072,2.13288184493653,6.96035862430469,8.04632451563763,2.78893185574674,4.86641693350927,4.36073167202352,1.40168669639416,2.74321252421936,2.97470075542798,4.21651156827909,2.57893836705712,2.93431295591218,5.79992682131333,5.08180319121083,2.86402351402513,7.05727683334459,4.53246991633603,3.58102783250211,8.93021606564692,5.57301934855559,4.63211950909205,2.34650522687357,7.31315445552819,0.338236889511066,3.57283884215891,9.06944727360317,5.27092222471343,1.12726682624941,5.23713172355456,4.42343022696523,11.4518114563327,0.173259672876971,3.96457591811427,4.29820017815543,5.07912497540793,8.00196242083124,9.27534891376975,9.81676675927646,9.69925809413991,0.645327337760848,1.84232066694262,2.24507111554265,3.96590125284165,9.35074958776675,15.9076113814264,0.0764686782335255,8.03313639608557,10.3972869844015,1.93250977665819,2.48795403229017,0.576713370191362,12.1663744059376,7.50451381831597,7.6449598729682,4.60700704692364,6.12407978273455,8.57911125014441,1.00569051172033,1.84378627619617,4.54951445917297,14.7375781782266,7.23828920053655,14.3155160660156,6.60956403740738,2.14724967667805,6.71056142309929,7.06330455431806,0.581471336821269,3.07947106181727,4.7279956856466,2.06422319832624,10.2907977027977,13.3707937715272,2.28532587170609,3.77431605840082,3.7908374451221,0.281178353484771,3.63921970723622,1.33133699171857,2.08027248193145,4.48648116902328,12.3826600324928,4.20856617368825
S21,1.58737229842534,5.44297874493678,3.74317001254918,0.000865872351867226,2.35774504751427,4.12678294975071,2.98362028166726,5.42353014397548,2.2886060733423,1.68337414522365,3.62172090490706,1.59562972474158,4.867757311687,7.80047599372545,3.16082454239495,2.75096144732976,5.05167734952446,0.256223543849111,4.8007417293071,3.09658245370108,2.90352436059866,6.3745379964178,5.1003507946926,4.76458780926895,6.43299206825733,0.129317125707186,4.05195391124302,1.52611074165475,1.31141199596017,3.54427421965647,3.84004924259054,3.40286172484332,2.6060728470561,3.82717323859947,3.27273429067617,0.320502103655315,0.862050445898832,4.30177561859026,0.337101747401042,3.49972978001634,2.45598675244316,0.602895954165795,2.41586669713829,6.67026869406044,0.640121798835039,1.92383726592866,4.73959795262639,7.55588945590751,0.0806091573514659,2.10831731877958,2.22783767740456,1.02673194554797,7.71580192751131,2.5010771026619,13.0302153400074,4.67490536994782,0.591235473261315,2.4598282379038,3.11237801903445,4.31910988632959,6.19853661525842,11.5167742678399,2.2313475548593,9.6645546904132,7.58170809832319,3.88610306438665,8.65038446786761,1.19604186339602,12.4930245712639,8.59088423237529,8.51103412662733,10.0041629003684,8.4749505051621,9.97885153641266,0.217823654067687,4.6351920736858,3.04924086480442,11.7567058289442,10.0664430488337,6.2315157780908,4.47522321159427,1.65243250238543,4.17637630238705,11.716267948243,1.14338821587273,4.27076086584227,15.6962523855523,2.88155005746437,9.72927858226116,4.53354217583118,0.699053529384056,7.93201820282505,0.662752520294008,2.49000883340918,6.77197484899368,1.19898878522151,2.57039446883477,10.5030069439984,13.6214010343761,3.81749523513606
S22,3.01676053503555,3.87506577630476,2.64241034256371,0.997966777835777,2.66428974420477,3.9254308989627,2.28959903226258,3.81165172543172,2.57533907349137,0.678349580995835,2.87974866189373,1.66033958729507,3.90616286191192,6.11245793974486,6.26109005010635,5.604973096921,4.37472041213561,0.91803798161328,5.44493455851213,3.67639813015515,2.99462503204863,4.10176886638335,4.02501252164976,3.91565607376885,3.39069833541703,0.734159040548475,1.48519878800308,2.13155620959809,0.202550303304178,3.11196459301662,3.32371248639437,1.95114581388906,2.58384552844493,3.51734252008812,2.52139903885319,0.874275777897886,0.976867962940322,3.32736409433191,0.890078160022789,2.65986634412849,2.10165914534313,1.35625412974907,2.59893210169684,4.54255029684429,1.11573602568652,1.09774264198541,4.00255393375355,8.14938794979302,0.707534994233382,1.58005191534063,2.31266141773983,1.21665757091833,7.3378987254622,1.08831402966328,8.86145655676332,5.26627235002345,0.032462887820497,2.30479983635443,6.52338644057579,4.36556884119368,8.01128728716119,10.9824431960578,1.79910931448364,9.18267906102062,7.80208836666923,1.92023233980579,4.96619524366234,0.202706471363385,11.8291367064851,8.00429555079125,9.01451458756323,10.0079859357315,8.9223862137012,11.595949818348,0.392816495592049,2.21520440900718,3.72381441969483,12.0390320521253,8.37735652874104,6.07204486254424,1.05325613776955,1.91884621933945,5.26882732969659,9.29931980985506,2.16571126461465,4.58653450593859,13.2861595940679,4.61162296435776,8.54235653269744,4.41125055580914,2.16322687365096,7.42694995562591,2.36015391995717,3.20755782777885,5.89490745001811,1.32941438749115,2.69595275678293,11.680253602261,10.8207855066101,3.0155650267624
S23,4.69615291042684,6.76894391638198,3.3924025454909,0.453327664619523,1.93017082188098,5.22188345337846,8.55121941475303,3.08741281932787,3.92135036075029,3.58839838188145,4.19386837749395,4.54906246092865,5.60948392681074,6.13712764088458,5.05382558547592,1.47729898968322,3.27945927389699,1.01650961390624,3.15396467741244,4.07066337673974,6.81202598633726,9.88958116534548,1.9725918547845,2.60558613761142,4.21070413780543,2.93945922756661,7.28592485969355,0.771194376855896,3.08369258984287,5.23176188847384,3.15971125435558,4.97020916543315,5.20590504549243,5.90405974403072,3.24457770619812,4.83955197981502,4.20774247483477,3.20189540439797,3.5614775015297,4.99848905609191,1.98732919720799,3.59889960462078,3.87825293637465,7.04739757725043,1.54021139562957,4.2189141421463,4.65371059784527,9.6713578624799,2.04625889879506,2.69374823551433,3.90948864664196,4.54758603747126,13.8624869681421,10.2680430938895,11.4190579711582,8.88438042249644,0.672274925332961,5.14433788215513,2.53437820252103,7.22350125685843,5.3976942099313,15.2746108802765,0.629495437676322,6.04822606125063,8.68127273035261,5.28298640991071,2.09173300186276,0.0375992510580779,9.78083725422508,6.02545996895244,6.94621655462761,3.2943940038336,7.39424500565412,5.04461158617331,1.67181788082879,3.23009804419223,5.41987989240636,17.5843438893706,5.18704239448941,8.09844973497116,5.26730312120043,6.46270987983066,3.68241059979622,4.17304360245857,1.08161945576348,2.26588591868334,6.49374367419958,2.40008459847085,12.4895080863418,8.80738601277709,1.11126424626923,3.99459507294995,4.54522591970863,0.42565607427216,2.54639267107807,3.83083794910221,0.63234469265729,5.38339378041557,13.9853930858636,5.64074249811378
S24,3.31467225864615,9.452719515711,5.86016011588405,0.708370863110386,1.69184373969819,4.14198598729338,10.6703283935875,3.07022228463953,4.99897090722775,2.98102997191337,1.82379621054918,5.04903803331929,5.5611940222313,5.44636775299408,4.04686544443653,3.56533063058173,7.2408105199181,1.27047309306606,4.6894247580807,6.00741341991883,5.39509778422828,9.24589530258855,2.83662854178494,0.104088169599495,6.66818027247437,3.48458575378848,5.52160328050417,2.89893190136211,3.73910723095577,4.4298470011338,4.23224812487121,4.20260593693446,7.91796802152678,6.0815571038276,4.49239887843808,3.61852207510443,5.82754346621953,2.6615057719819,3.13910642385575,5.55290865614594,0.690128732393255,3.63977321178785,8.276306767121,9.73919404799259,1.97413319619961,4.86787990167452,7.01380019898582,11.4042792859193,1.73613871914532,3.97082759280717,5.20675710264353,4.89527793331321,13.4013955193712,9.37329028189034,11.2603682109726,7.95055640496424,1.1420690021181,3.53728227298049,3.34541366319494,3.9395608374022,5.71948189011582,15.0181163491001,0.751691467102079,7.66304528157494,10.619045282724,2.06265151406182,3.98110691681966,0.0287268448999559,9.61960502907754,8.98644248224366,7.70655669129831,5.83727724899986,3.13486110671173,7.55569900876066,1.23606046624798,3.74281965515733,5.09657047989768,15.831958373532,3.66370632258826,13.0595332194378,5.09234910950867,1.86401771736461,3.81221943932498,8.4316437867549,1.98270582209755,3.18840955128766,10.1478022677251,1.79557257652032,10.3184580327142,13.5847124240639,1.89866376833546,8.1096932667387,5.00181829080302,0.464270704131871,4.02042919155342,2.22622943992451,0,4.87704342308283,8.97345092762972,8.30828412429668
S25,4.86565643029234,1.33104855383637,1.45283096204715,0.295175895136266,4.06998098463227,2.64899004224221,3.78845065733862,1.17187813663494,1.895231579763,1.96775861643993,0.467914243638985,2.47979335762707,2.73970818766896,3.84554882907011,2.6972836984231,0,4.72490352184926,1.19172801018403,4.54613082104717,5.45598099361223,5.16650233532369,1.79411326237538,4.05527357369054,4.31801339088701,1.67234229514989,2.08899138406912,1.46449628084896,2.25178151740673,2.36387418999973,4.5359495147798,3.33200504272443,0.925685501252455,2.13472439669311,4.26649552942712,5.11687252732898,1.4242417311693,3.21157470187846,3.7422706717094,2.52912107537502,1.95586788103746,0.630432960188243,2.71785028216925,4.65132082381759,4.35759579539017,1.06596185219784,4.91629311012534,1.9166509984772,11.8138734233633,0.754732176461677,3.27629187648847,2.34585561832568,1.27659938717663,7.65449397909973,3.06453210195914,7.87241524757168,5.06275459335475,1.97340806714611,2.2625069407016,2.95263536680131,2.6675444255774,10.3993388155793,11.0262173514021,1.88411579595787,8.53280610225797,9.01712103637197,3.73141891656049,5.07112137747567,0.485234033511523,8.99626907406402,8.81092116691618,4.83979139221769,4.82941220839231,4.61456924872035,10.2115784819196,1.65507101344572,4.15400773371401,0.359650205877518,14.9799903682912,7.51399682066106,7.79497633326187,2.89810958819416,1.49018895582994,6.10714115369255,4.65585916000088,2.49580427438701,6.75860554933932,9.8369325701246,4.10029857359502,4.20890913396421,10.7243673099894,2.05945384544448,3.92203233971162,2.09688884058161,2.1738581030594,4.42739272239189,1.24179729019135,4.94293239734209,7.91655495186561,10.8034691313549,3.28590320964286
S26,5.37192006924092,6.05967421502194,3.53925559072137,2.38471267055851,3.54939388075108,4.14608482066215,7.29670915439577,3.62080596190066,2.70974750020393,2.51696365450255,2.49022384180105,4.91341583112914,4.78191459627531,4.94821995141258,6.14311051646341,2.65956765426304,4.11336673584955,0.361042786308526,3.68028803567785,5.92217396648396,3.46564236195313,5.95168310281727,3.68895059723967,3.01391766604294,4.76540961287796,2.52249752728023,6.07821844903641,4.39802369153792,4.27518586069614,6.44813448899946,4.92297044214811,2.98988736241708,3.43844724379678,3.40319208536132,3.69232764603126,5.39176111479615,1.37153267209169,3.2349647126093,3.88173438869337,6.10838069883633,2.16311241566571,3.66135845961145,5.4131403633147,5.4686340420716,1.06657480416863,2.87844434768665,4.21513257777499,6.33014002373593,1.1990393792104,4.04859557416613,2.92827667303954,3.0634945764638,12.4330456037088,8.69359677914817,13.8525195182453,8.21163756828297,1.0587273229183,4.28530063023136,2.56953189939599,4.26059942499742,11.0245756638283,10.8429678919582,0.640412405236643,11.5992843086699,11.7793790582132,4.98098781933512,7.04759189977038,0.317217767759691,6.90040050149727,4.43341430927858,7.88740489911025,7.89480139725606,6.75986394604515,9.41583275988803,1.55394583636104,4.03780315274591,2.86569437904073,15.0883231250693,4.51461425513779,5.43469052492373,6.75596562827995,4.93524360812145,2.49958407812274,5.11874844204382,1.73564801681793,3.50376228988388,8.54953100683268,3.15580270681291,10.3192859133804,6.61171750936389,3.50013701784574,6.20745999396079,3.46730437188062,1.37816959781194,3.95465795138455,2.00918061172812,2.17877788768541,2.86727575687586,14.3482338180498,4.60624918288613
S27,4.25537916870687,3.72975889646249,1.1222650780004,1.80517086878759,3.90293628899071,5.02771852537305,8.67401968992904,0.945650383951733,2.98853928958862,2.16479542612901,0.748026109621334,2.19138298363247,6.35260310888176,8.48642959533044,4.1942562043067,0.571701444687824,6.45258140979197,1.09144732311278,3.6366939693722,6.36434506880397,3.43182998271143,3.20953441082665,6.39573089799266,4.11385680936565,6.68668009535582,2.60256562005102,3.11452029589618,2.70885933916093,3.04268359977252,3.60076287350497,5.70425143563095,1.90787667611949,3.86543560801364,5.83067515959807,6.43475329958445,6.17685629042572,2.74731992455099,5.01892806167213,1.64681375770783,3.66035050603701,0.609098242858308,0.579904451010482,5.29532847461292,5.38488398260029,0.081922524737677,3.05607631488681,3.49668856614594,9.43083888752015,1.11088369615959,3.91248990798369,1.67350893270077,1.58667730495588,10.5075595541702,4.93745086714484,8.66830258876569,5.56406647511487,1.43275617866445,4.70693414850438,1.10179206808265,5.56371832728993,11.3201246236217,15.0495486227828,1.95912884792515,9.95252348826457,12.1399362355914,5.96660517268172,4.82637180955203,0.211030474179547,8.76527655945758,5.84713995940443,3.16259323442165,8.59239312920647,6.46791202492297,6.69567695883335,0.447502154438681,4.11066619100829,2.08260657008129,16.6649265004532,7.85783007681522,11.0233268822909,1.90047668737424,4.14400344276477,11.2473115300094,6.82185651537168,2.5733001165016,4.35407275518411,9.45071861224981,1.82656130465947,11.3302846882412,10.2285812805449,1.43307628321094,1.63763086418196,5.06475130137467,1.61410450103574,4.67329050947412,0.768593691249504,5.5922538561346,9.34133840000541,8.72681449703474,7.55350139875831
S28,1.19549854350089,5.70040360305468,2.9761129285066,0,2.76980406486343,3.8595124370839,2.80728585806,4.84457012081264,1.6354604036884,1.77703613273896,3.9979698623926,2.24664927059017,4.99494681325177,8.32060566404641,4.95402168604647,3.78347884729833,5.33042655269526,0.671626550176061,2.677621891859,3.22320127969306,3.06241731831133,7.55005079646962,7.43869984441274,1.40088780503752,4.75535484902827,0.676320889948912,4.17092349526363,1.04531253351535,1.92399090302006,1.57544040500016,4.19958548088433,2.14967551766212,3.61703291237814,1.88361876569249,4.23763031354898,1.5564444510676,1.53893110083378,2.37901898046475,0,3.27629673489117,4.46336173123519,1.3249177447543,2.47826074384385,7.30967546904203,0.839842483642687,2.89770721414969,4.90656636856762,10.4674072800641,1.02588039568455,3.1443265943958,1.96917488991013,3.02714294682287,12.0155939910912,7.22518625611191,12.3948066429731,7.31773058058353,0.890332973598308,3.62400572925895,3.7518134926362,4.69368731692197,8.34212850534354,13.6905313008408,2.12445184666972,8.55860839544316,8.43830267196658,1.83471194994093,11.7419845744474,0.60443017484878,9.88708606286594,5.04393954934663,8.96939636952178,12.2938079591395,10.5222293934964,8.29138261714662,1.24301853337223,5.05687647395398,2.74977019918524,9.43232348674047,6.15829817904168,4.12713306693197,4.00064360694286,2.47823688823501,3.87524493236918,7.54851849122221,0.805729845175531,3.54119613676412,14.8403133480914,0.867959065949678,10.9804811628416,6.1036822905725,1.77103227512314,6.90455944791695,2.16591012579656,0.995812766467335,3.78828401306976,1.9259780683191,2.54898339933499,9.1449692434409,15.5000678595506,3.20376387566573
S29,4.01024357693789,3.90879025731149,0.963968139330539,1.14269438223728,3.81512324012668,4.85948353397056,9.4267321631108,0.0377945310371449,2.62782958753482,2.98841223859211,1.21146467143186,1.75501054166642,5.77206511883013,7.51946563446041,2.47417995702109,1.04512693704787,5.72379771053842,1.33937988727316,4.81383028613176,6.18132773588453,3.25403377651914,4.52566977249167,5.82777748914779,4.77990206381209,5.87106732340777,3.37658751099453,3.46369582450841,2.78971039609386,2.416043884199,3.7008526634792,6.91734263581578,1.86239319147686,3.43966894306712,5.12622833122805,5.94700009933481,6.40218644154757,4.17216745080511,5.33833691029086,1.30404278598804,4.4141253347465,0.593534998894553,1.16738784060265,4.96647858197736,6.00946483285564,0,3.88708195762954,3.41619815741807,8.52726026441728,1.16024185507796,3.9650115026884,1.46097883734879,1.54108015655872,9.69057400989835,5.27388678304592,7.59404593430525,5.73647122111045,1.70089210654869,4.46578131772569,1.29613633121905,4.95836733757322,10.1269460848064,16.1995353343545,1.39658258417741,6.79947517824838,12.5378707075273,6.61089717172874,3.35327567201595,0.279223401524888,9.53893320553923,6.65773630204647,3.81984836813933,8.27471841961025,5.92790285986756,5.73479843092789,0.209818554769631,4.41223968864563,2.04947102694742,15.924221918532,7.60970128176496,11.2328154142031,2.12616541176901,4.29800168689467,9.95425566167112,6.32650926562034,2.61375174083097,4.84255758048468,8.97154478997701,1.63834052596832,11.9069465509882,8.4114234979222,1.58433393047121,2.52694547540271,5.41207213605003,1.74636454155575,3.68702874784252,0.317541189597782,5.02396921785111,9.42170963359766,9.55682736497734,8.15741748974703
S30,1.49473486082568,5.52873850960036,3.71599682919818,0.429853943838261,2.65176294743502,4.26251504993709,3.69148941706625,4.56535204422061,1.39503616242861,1.52517912471611,3.74929080019494,1.74896083791366,4.67146313805712,8.4675387432393,4.00946976960064,2.89873471189234,5.76320830376351,0.442360942070591,3.74366310355389,2.60481140624931,2.38673224331754,6.60497661945552,5.25774289672003,3.52626138563805,5.01656157908224,0.126211147843356,4.67909203472007,1.74376963740725,0.918266100555636,3.01667410205183,3.27142813715979,2.83919752761914,4.19704705384921,4.07168819388686,3.5347431318041,0.294681345999638,1.51000855646089,3.94456986193084,0.507947505140216,3.38330575379714,3.78510907475869,0.717862110434117,3.46519360291706,7.24784802944676,0.837966191077896,2.66238382056601,5.191456391897,9.09713400611294,0.536220755916588,2.36586714392083,1.68351978611072,1.86726447523632,7.34009246710368,4.02242609740719,12.0694722035013,6.1397705024893,0.557649810725751,3.05616631754732,3.32105685435443,5.22301134961332,8.42822934777217,12.5937199047567,2.49235011621894,10.9154764841876,6.55450980665374,3.49113044172539,8.25431681236951,1.43405415340874,10.9299392875303,6.72662317261022,9.68302320928815,11.9269365149206,7.44176058476323,11.5768420937325,0.321467746276833,4.62570535398085,3.06382912425031,12.0242890408185,8.21091467666538,5.24855825797353,5.42364976059183,1.94139567670227,3.16471869035584,10.2406293644154,1.13571107209699,4.0821343808829,15.1728658467186,1.57001221058923,8.68251563418118,5.93270910163291,1.73076210995916,6.30088471161441,1.64964529405182,2.30206939640597,5.85255928851664,0.975197353192894,2.95525922793062,9.72728116567804,14.8899550835176,5.15591276666306
S31,4.36092276910258,3.78921312814408,1.2711728306835,1.38049775854144,3.93146623777899,5.28618108816507,8.70752972004784,0.2006238457094,2.58769323915435,2.84455442114169,1.23730691722636,1.46187280784537,6.16100414810631,7.72625814325965,2.49814861734852,0.489329236283435,6.14241792500812,1.31427686836328,4.34516235365161,6.39237440296856,3.72613819135823,3.52757129888924,5.97119964859277,4.1550081149882,6.03209829917715,2.92305927044468,3.30501234872966,2.77674384977483,2.64396478433372,3.90076788641086,6.18546176163648,1.82299594272808,4.13072538589498,5.25213813991022,6.26738511018646,6.12880580458257,3.45494974200503,5.17713327627971,1.71471769029572,4.08599344448045,0.434470457553627,1.12632955385002,5.1877755569657,5.60619063226938,0,3.30982129873054,3.46584336798869,8.29128263089908,1.3358488279411,4.51259957872382,1.23870138074093,1.43080417268421,9.67505684287328,5.30271972402695,7.85098393790152,5.43681781416144,1.53214377388914,4.59848866147399,1.55292370360824,5.346685166139,10.2770470309683,15.2908680558387,1.72536512583025,7.41271675805047,13.0619499811082,6.16916800352247,4.30780633906893,0.266894112369399,10.3336671440284,5.69262013533012,2.81753283184703,8.21508252747864,6.03615404268832,6.55631186837711,0.275515380325548,4.06121685169158,2.07260077929297,17.0980100286126,7.75674031738334,11.5572826855736,2.24865915884631,4.03574146787972,10.2473432014862,6.89449739860185,2.81052722947855,5.01818891535655,9.02959973914963,1.47411844141282,10.6048676983916,8.84411669064456,1.41202138890149,2.08214015648967,5.33059765246401,1.86888471798729,4.22917588421689,0.310558175001797,5.2330553799798,9.2406928288354,10.2859198883723,8.13394244808786
S32,3.18392538604961,8.07641965264459,3.87118712947778,3.31722939530813,2.43106082669479,1.25489564723106,7.07143342093103,2.8948049248277,4.18316732293534,2.88166284465079,2.30450944925217,5.95359446955174,6.51277340779812,7.4217284021962,3.29286093850383,4.2794901679791,3.98122661485425,2.57302039482456,6.59144343084533,8.63390489642984,2.62865155957281,4.32516063656215,4.21421825204896,1.24325570474149,3.62897287168667,2.47317493155783,4.23476920304689,1.78588829371043,2.83873209690751,4.44808968137829,5.37498018391976,2.51504373861824,6.29110636371652,3.76911958829414,4.67473896522209,9.14105273290415,5.69275152160728,3.94907818220482,3.32885857991891,5.753054039045,0.535404189238827,4.22970228922842,9.12753024757492,4.4966724453239,0.925391385711981,6.34236237118914,3.96040419609113,13.2861544748273,0.409656896217971,4.1257122256882,4.1217623225775,4.56999828592181,8.45269596396524,8.48125437231374,12.0772554790393,9.26640097250005,1.09294359057396,2.25408594925299,2.97926894032897,3.95009102846627,8.46240495382298,17.1004810653718,0,5.68279494630838,10.8115684577841,3.33940477099964,2.2783992599569,0.295951221624399,13.0467227463222,7.91222478690457,7.4751053346812,4.31141738961514,5.94916944966838,7.99916277380435,1.19794248833932,2.63000939589218,4.6617446915836,14.5034181249527,7.84851085399921,13.4548360166648,7.45052037586366,1.16533885056561,6.28707187606677,7.66932524857539,1.07641760472551,2.87984525417425,4.61697076546126,2.20760806182446,10.0137622284031,13.5627625124865,2.09127736802959,3.96791738420599,4.31837352189101,0.323140524830982,3.50650826006523,1.98431548934348,1.39699651330639,4.76200277041133,9.33907741219523,4.16796207992421
S33,3.03552995198985,8.38811609609963,1.44761999659951,2.5825889710972,2.66590464730183,1.88656528408263,8.3090055589646,2.71043932838539,3.35201401453357,1.93684835211778,0.985872615935826,4.63578692654111,5.90602343160217,8.82595245087779,2.00643995802518,2.40996403898122,5.22605902765735,1.54086341613023,5.06966738148722,6.15014753750759,2.20606923878001,6.55711362260833,6.65902947406985,2.08246046973133,5.78792549129337,3.80855847766964,5.56628319143832,3.99613482860362,2.48625553027513,3.26661614648515,9.10650307435558,2.41160641617367,5.48041278833566,5.24333899014277,2.83138119705488,8.2304808269834,4.06682295939294,4.70234597460176,0.998480829242348,7.30096626608546,1.67663203408048,4.2356803697545,4.94888613009653,5.9909802614304,0.318453060345041,5.37017163713289,3.02787886505416,11.0771670052691,1.09667290595602,5.48793998421133,3.68591070920924,4.76887590549636,8.5731052189566,9.50524163541121,6.29860049241733,5.56111121921038,1.13143357311733,3.38201261562607,2.5542014101745,3.47391252722407,11.9019703368789,18.4159341744029,0.422983435432891,10.5070370363207,16.0032376386709,5.96717282393272,4.05403017634808,0.436957965832046,11.0250901550837,8.43150563102558,6.12144678036179,4.22613684479291,4.70313426023653,6.17475567524539,0.341304176955778,3.93825090829714,3.22205851679052,22.3432021662185,6.64678780044136,14.1887408767549,2.30677080946087,2.90332323350037,9.26066967114459,7.11407956275271,2.08596445553157,9.21594597263568,10.652543765431,1.33630576929769,8.29457478365582,12.0323093799083,3.30018037264288,2.73977936670069,3.65993262431866,0.735776768949772,3.82283119107461,1.54261033542957,3.32357596783127,8.23086407628069,10.8511105655982,6.0802553443869
S34,3.52088612652771,0.882099916917626,1.72533829119711,0,3.56420622957532,3.96865280952489,5.0224402824832,1.92044285812645,2.25394864294743,0.585940489880479,1.9517793294474,1.4374212562117,2.35968626245302,4.49177810517731,4.15113687086618,1.71407967660461,3.20693688986854,0.87208890887525,5.8729443432436,3.7894718905346,5.4307394594101,1.63965139261484,4.67709753346594,3.95408656900578,3.66097928542557,0.914006289366418,0.815978835503095,2.47968853295557,1.63689641884257,3.73155021100856,2.76034930843073,0.102745839716976,1.54919827930115,4.3568567196846,4.81295420745345,1.89306338605278,2.72451102474885,5.12455308418645,1.26383548376385,1.65955159501621,0.91899780067244,2.87913146405052,2.18467040573563,2.44340217398559,1.35756580415398,2.41730640584591,3.44843805367901,9.65617283538355,0.0891249641088207,2.60615578128965,1.94744632419255,1.2642354130516,5.20537768541487,2.37701719213473,8.10742591714249,5.46923423322796,1.40315007140508,2.61016592111338,6.62573079095026,2.62607030355579,7.00354806091465,8.60450686545428,1.49943960700943,8.11379571832621,4.50530183029858,3.81647338182044,5.9945874858362,0.152636948395487,9.57381093753227,12.5419132069524,4.15017540416104,4.45413016596456,7.53107555155921,13.9947610984853,0.835298693251141,2.70410701804643,2.07855796936615,9.64844782795685,7.8475112364411,5.54017847247209,4.82899126790738,1.52186861194307,4.86326513960304,5.31765333184486,1.69896391995803,5.99249274384617,9.4876674682744,4.36602061302892,8.73382213896234,9.27107851129909,2.48780180537109,4.83460108534998,1.12469366472727,2.85131505550246,6.24504170528469,0.814120690002579,2.7575084031512,9.1188099208267,7.36243673676268,1.95093887453549
S35,3.26747538839632,1.75757477586446,0.793187765195557,0.017690217271507,3.65911872565332,4.09960497018706,3.19380178602739,2.76608738788851,2.88583102543374,0.491506597982737,2.79756584473938,0.915780708908472,2.56390261955135,6.6274053168838,7.2527332347901,5.12116091393425,3.97334671918373,0.411140801960734,4.85162190241099,2.68001050555555,4.29167160574519,1.76067450708415,3.02249717533593,2.6831005220563,3.34572234804012,0.94537855769174,0.472378265854019,2.0358721517466,0.868447677818894,2.0226318746,3.34339292749595,1.62311295735496,0.574857746654776,5.52611363618588,3.63394728401608,0.664546878294416,0.874739526998014,4.47251884914288,0.739163527165005,4.09267275119666,2.50877144064073,2.62025995826763,1.43136477805396,3.14029691664236,1.38506374527276,1.0403748296124,3.57338960155878,8.40720657282935,0.815946779381268,1.31393809147144,2.35019888243579,1.27676427384999,6.04406433464232,0.950299848351106,7.96460351670375,5.02765421575294,0.372161807657248,2.37232642875687,5.90931529628323,2.79757915607931,7.29511097127262,9.45765991376822,1.56187688741129,9.91202761754491,5.03798426105276,4.17732581175353,4.49605501199008,0.0989015383804903,9.34237914099593,11.4698299752886,5.99470463870072,5.73653764783883,7.84574505969212,10.9395350203454,0.610748281094544,4.16310522986805,2.90387059379412,10.7177615188993,6.90362266990549,5.22076017491313,4.04133449153376,1.42983368185574,6.73475413396364,6.88209092406811,1.06996089060075,5.06812309108903,9.59478976402378,3.95690448518714,7.20205897359761,7.3865262766236,1.03753569085093,5.37394870125881,2.5572896746218,1.96046098884353,7.54473937901312,2.03866584299994,2.84906449823594,12.4695945313022,10.839607143606,2.491224572136
S36,1.2383145470857,3.36358987998579,3.44467396531819,0.352243706232581,3.81930266954138,3.52390875185297,3.29701440177816,6.18356604827031,1.68703023520106,1.25685845792342,3.16146324706358,1.38419953360888,5.97317158338533,6.6707328840396,4.08031277427619,2.14503255592594,4.04645813806949,0.634267315051022,1.90346486738647,3.19755446506889,3.84351203809448,7.99268570348458,6.05807140809125,1.66219999525917,5.33490685475697,0.995906417286384,3.70133973749062,1.81802572512326,2.44589631061522,2.10612295611744,3.80273584110984,2.24822404003929,3.0232941758679,1.29750737100729,4.80281396658394,2.3559164430502,1.39483415828362,1.67744233268454,1.03535934719912,3.95936015362171,2.87372370057338,2.05150826666995,2.44976614427677,6.63044774513606,1.44579158184705,2.33643370020579,5.11894293911329,10.7189383343606,0.624503316982462,3.53908960061591,1.93318628346133,1.48333763083482,13.6325349331452,7.10886675628416,13.451864575155,7.23670728674952,1.07726076768146,3.30077842490911,3.30081577900985,4.55361943738469,8.77508991046652,14.4679716178917,2.65413801906922,8.99046906173079,8.64399095314334,1.70483974042983,10.9863764699615,0.604929555310297,11.2847221496351,5.1409087847121,9.64420788921123,12.4895023094319,9.86300797666078,8.19653829316018,1.42647860042065,5.10357082113003,3.44201224288068,9.70187928678692,6.12575511857906,4.83115050328303,4.14687706869975,1.83675401822727,4.48641018546501,7.51167828733187,1.23620099101331,3.3169661728148,15.09853530245,1.37097600302604,12.0835469360842,6.91191256521604,1.41946189392699,7.89833408815333,1.818540134228,0.772558018659369,3.79178047517986,2.21734406240718,3.01612076609334,9.28496992055616,14.3268436653843,3.58753197259966
S37,4.00731308141695,6.20249990355542,4.93631981967113,0.85330044850992,3.36829978070845,5.36467233469048,8.58849688635215,2.9230188076868,3.65689330662826,3.69374795446343,4.59613171437071,5.44783811026273,6.18536277138435,5.56361755980762,6.99849670716408,1.36611717678089,3.46418513157313,1.05608217082632,5.18714709720444,5.03288744058608,4.91809774508251,7.90704625435118,1.97444909829827,3.52192483032863,4.70282793707328,3.39243740116428,6.26550075154555,0.200261631134798,2.58059787894845,4.73893110846082,3.55654365934874,5.48840731767094,4.0266383888014,6.8338714788229,3.31135058621064,5.45962356642938,4.77230064370482,2.06094913269831,4.65295153518484,5.97030349343912,3.05228875809666,2.97708018818373,4.23606483354836,5.67250335964602,1.46712681878051,4.45397160051015,3.37128619177577,9.79509544583462,1.26787170951051,2.7142461329723,3.39737660122017,4.99632914266612,11.459806693791,10.8922912273584,12.2956872591112,9.92154568497628,0.894358486190741,6.43869904548361,2.29928529476566,7.04832294281247,6.47921593472796,13.6230302513298,0.591278460175958,7.35700404681927,9.23623516877007,4.09255148646495,4.03801928140157,0.314820581224872,9.74906033916042,5.40267552087655,6.67837566648052,3.17051347202043,8.87178792728871,3.95767498446713,0.978552687895798,2.96665953685281,5.36811804256581,17.4241052822431,3.54774982157214,8.71497265133911,4.67592009518328,7.14075515828698,2.99086414209467,4.43993615770438,1.3710781367561,3.0993290222011,7.45329746553824,2.97327162336747,13.0048597017757,9.2658762273949,2.32206426024477,4.99876826862941,4.06875458927877,1.09714953627409,2.30042455291713,3.51142188793054,1.22309896972059,4.88633217300552,15.3095534346628,4.74720812026082
S38,4.90064651407602,1.73886336432726,1.46971771100707,0.227948035115457,3.71764996801395,2.69875321224669,4.16215148440861,1.26330216180711,2.19467044534852,1.41517557050229,0.350339557556499,2.44279327908614,3.40155044788587,4.16037004889018,1.72772474764669,0.0233073690568627,4.82348064227299,1.21361875906978,3.7163606486242,5.6856320158216,4.86390931521022,0.794522493427373,5.68787739990874,3.88128593676592,2.02300031480498,1.98349709395593,1.60901942895885,2.82835785814817,3.40969029679888,3.85802954382095,4.71399493451549,0.507519063066004,2.19673660021618,4.61367293245098,5.94387130386775,1.70449588754718,3.39848445523757,4.02065305618413,2.01453858992097,1.30303517688501,0.880974398147087,2.46416902435251,4.03731725907749,4.3605012752652,1.06005454378657,4.32818512526971,1.6974498132491,11.4801662551109,0.922138642270248,3.50880087994031,1.94798916828858,1.58441973928995,7.97276716698095,1.94624995832922,8.86731823558333,5.80757269860264,2.15188703443152,2.18561986739766,2.65605285296927,2.74920857165257,9.66305090627269,10.1035728606619,2.26157076616196,7.10776177362722,10.2249442913226,4.33752975338106,4.65348643428092,0.641661228760368,9.0826874979578,8.65134473298159,4.41037825857315,5.63868623056681,5.53791697056576,10.197325258023,1.28420942203068,3.25598926445131,0.891085828325871,15.3189192460719,8.09322031812489,7.6025409211614,2.32636705082849,1.70030973370033,5.91215935482563,4.33293452705792,2.86807646598196,5.99875181422868,11.0077452303887,3.88751412008711,4.73287242623563,9.07270885987379,3.0299938009104,4.98913874542735,3.1601555895022,2.3619515721401,5.31674524053937,1.38802707617402,4.56570836336477,9.17436730652068,8.93175636265478,2.69855399389279
S39,3.27122276161302,0.922635223156859,0.756789805914478,0.141270841322751,3.84772173448955,4.05450858486147,2.86136012484728,2.71937356908472,2.51600121478523,0.145610353296108,2.65669061652872,0.614469423399398,3.53108548532616,6.79848844094206,7.08918933061348,4.92939628181128,3.51459728159226,0.344934900471379,4.65354231908707,2.98231817312052,4.22687476389827,1.92619561481799,3.09847057076178,2.7805442559011,3.8763562313284,0.919818283302076,0.211020355773448,2.6304384314788,1.00432390840365,1.99252422619473,2.94418512795363,1.58154874222452,0.360804133354916,5.53769900710154,3.80178741599494,0.989928819684121,1.04603281204167,4.52215911915257,0.942444765525962,4.16698849982772,2.11181062450631,2.54323161466491,1.1023485357047,3.06840303295757,1.38840367453289,1.6050600455624,3.95492830717036,8.32070677222274,0.681828404317101,1.45575806202069,2.03411320168924,1.13453677375983,6.27670719559766,0.941707362157882,7.78879362912217,5.37049450389839,0.460393279002439,2.29626133772398,6.45695446930655,2.6793257145029,7.41377512962481,9.8752740881015,1.57319228071403,10.0472425390086,4.62660238521952,4.72830737697235,4.60843067431674,0.111317032612155,9.30181748117031,11.8236076763178,5.73089675420766,5.67358810122968,7.6405852981028,10.8460221039187,0.579920665615952,3.67438840343134,2.81023869302021,10.4736661227794,6.97781244897072,5.87498980820451,3.94868966173484,1.15668966296604,6.28817007058296,6.26066334493195,0.902867932370217,5.06924067897016,9.51294846531448,4.01563687271975,7.1705073721507,8.7259176223475,1.17225853324142,5.22738841263344,2.5129236920078,2.22672007880349,7.69498908570228,2.079175603643,3.27699530289275,12.8845908952018,10.8758723288632,2.62039163159734
S40,1.10775135244056,4.5549453720393,4.89065911790405,1.78156993502646,3.66192038749709,4.69465913757542,3.96478349752674,5.14251555488834,2.73038938742996,2.94169284392406,3.066903753411,1.03658768502126,5.70843700504191,6.74022580335,4.85393339883585,1.84365317804714,5.1773711340258,0.554317053510353,1.22244170259297,3.75175195384051,3.05859591332746,6.19102484631283,4.79418979257158,2.37488576659715,5.4144656257303,0.639425002315138,2.1033456454633,0.895186221895605,1.29879556112751,2.06617806097119,4.88658140087358,2.37006192147301,2.49753612086318,2.66829714182728,5.06698254756294,2.33369805925593,1.49674006502724,0.237611665135275,0.206606104888562,5.02557024927594,2.0367151832855,1.76880487973883,2.59331843311551,5.8971841032623,2.30143685327016,1.20429966039285,5.5702107199421,11.1331843054843,1.34465080180859,3.88313502354721,3.03426901273383,1.68375812660943,12.9703114924808,9.41894418187694,14.0885400367281,5.91912125463229,1.03411771189207,3.33753936824843,3.01525852711985,5.4753942268696,8.1424406867843,14.3471219486768,3.27239006858881,12.8886457060241,10.6571719668425,2.74800950507478,13.5128229984503,0.347673612148021,7.39805527885904,6.55185960145664,11.589928084027,13.440954698668,8.45200471835127,6.45467082360268,1.75494308075994,4.8276306014685,3.0106345357137,8.63934887437922,5.05131213501934,5.51957486191359,3.32889996986537,4.01054760663757,5.13338945627243,6.57927553626627,2.51937383994459,3.94075700914028,11.4545291665385,1.84714217859079,12.4884205883322,6.36042778512015,0.839938417158893,7.35125909258528,2.43329027345819,1.8625297621076,2.69758427028548,1.74141489078089,2.56833822544559,6.81796166339936,12.3826533548836,4.93940798089005
